SKU,QUANTITY
6E92ZMYYFZ,2
0PUK6V6EV0,4
L9ECAV7KIM,2
2ZYFJ3GM2N,5
LS4PSXUNUM,4
L9ECAV7KIM,4
L9ECAV7KIM,4
6E92ZMYYFZ,10
L9ECAV7KIM,4
2ZYFJ3GM2N,10
66VCHSJNUP,10
66VCHSJNUP,1
9SIQT8TOJO,3
9SIQT8TOJO,2
0PUK6V6EV0,10
6E92ZMYYFZ,3
66VCHSJNUP,3
L9ECAV7KIM,5
OLJCESPC7Z,5
L9ECAV7KIM,1
66VCHSJNUP,2
L9ECAV7KIM,5
LS4PSXUNUM,5
9SIQT8TOJO,4
OLJCESPC7Z,5
9SIQT8TOJO,5
9SIQT8TOJO,5
9SIQT8TOJO,10
OLJCESPC7Z,1
9SIQT8TOJO,1
OLJCESPC7Z,3
L9ECAV7KIM,4
1YMWWN1N4O,10
9SIQT8TOJO,10
L9ECAV7KIM,4
9SIQT8TOJO,5
66VCHSJNUP,2
L9ECAV7KIM,4
9SIQT8TOJO,2
OLJCESPC7Z,1
9SIQT8TOJO,10
66VCHSJNUP,3
0PUK6V6EV0,3
LS4PSXUNUM,4
2ZYFJ3GM2N,10
L9ECAV7KIM,4
LS4PSXUNUM,1
9SIQT8TOJO,4
1YMWWN1N4O,10
1YMWWN1N4O,2
OLJCESPC7Z,1
6E92ZMYYFZ,5
2ZYFJ3GM2N,2
0PUK6V6EV0,3
0PUK6V6EV0,4
0PUK6V6EV0,1
0PUK6V6EV0,5
6E92ZMYYFZ,2
66VCHSJNUP,3
L9ECAV7KIM,4
0PUK6V6EV0,3
1YMWWN1N4O,2
L9ECAV7KIM,1
OLJCESPC7Z,3
9SIQT8TOJO,5
0PUK6V6EV0,3
66VCHSJNUP,1
9SIQT8TOJO,1
OLJCESPC7Z,4
0PUK6V6EV0,10
2ZYFJ3GM2N,1
OLJCESPC7Z,1
2ZYFJ3GM2N,3
LS4PSXUNUM,1
L9ECAV7KIM,3
0PUK6V6EV0,1
1YMWWN1N4O,4
OLJCESPC7Z,3
0PUK6V6EV0,2
LS4PSXUNUM,4
6E92ZMYYFZ,5
2ZYFJ3GM2N,5
0PUK6V6EV0,3
0PUK6V6EV0,10
66VCHSJNUP,3
L9ECAV7KIM,2
2ZYFJ3GM2N,3
OLJCESPC7Z,5
6E92ZMYYFZ,2
0PUK6V6EV0,5
2ZYFJ3GM2N,5
0PUK6V6EV0,4
1YMWWN1N4O,2
OLJCESPC7Z,1
66VCHSJNUP,1
OLJCESPC7Z,3
LS4PSXUNUM,4
9SIQT8TOJO,5
L9ECAV7KIM,4
2ZYFJ3GM2N,10
OLJCESPC7Z,4
66VCHSJNUP,10
2ZYFJ3GM2N,2
0PUK6V6EV0,3
9SIQT8TOJO,3
0PUK6V6EV0,10
66VCHSJNUP,2
0PUK6V6EV0,2
L9ECAV7KIM,3
66VCHSJNUP,5
6E92ZMYYFZ,1
OLJCESPC7Z,3
66VCHSJNUP,1
OLJCESPC7Z,4
2ZYFJ3GM2N,1
66VCHSJNUP,2
2ZYFJ3GM2N,10
OLJCESPC7Z,2
L9ECAV7KIM,3
6E92ZMYYFZ,10
L9ECAV7KIM,10
2ZYFJ3GM2N,2
OLJCESPC7Z,2
LS4PSXUNUM,10
OLJCESPC7Z,3
9SIQT8TOJO,1
6E92ZMYYFZ,2
6E92ZMYYFZ,2
6E92ZMYYFZ,5
6E92ZMYYFZ,3
9SIQT8TOJO,3
1YMWWN1N4O,4
9SIQT8TOJO,10
9SIQT8TOJO,3
1YMWWN1N4O,4
9SIQT8TOJO,2
0PUK6V6EV0,1
6E92ZMYYFZ,2
2ZYFJ3GM2N,4
0PUK6V6EV0,5
L9ECAV7KIM,2
9SIQT8TOJO,4
9SIQT8TOJO,4
2ZYFJ3GM2N,5
LS4PSXUNUM,4
LS4PSXUNUM,2
66VCHSJNUP,10
OLJCESPC7Z,1
L9ECAV7KIM,5
1YMWWN1N4O,4
0PUK6V6EV0,4
2ZYFJ3GM2N,10
1YMWWN1N4O,3
2ZYFJ3GM2N,5
L9ECAV7KIM,10
0PUK6V6EV0,1
LS4PSXUNUM,1
9SIQT8TOJO,5
66VCHSJNUP,4
9SIQT8TOJO,1
9SIQT8TOJO,10
0PUK6V6EV0,10
OLJCESPC7Z,4
OLJCESPC7Z,3
6E92ZMYYFZ,2
6E92ZMYYFZ,10
9SIQT8TOJO,2
9SIQT8TOJO,1
9SIQT8TOJO,2
L9ECAV7KIM,2
9SIQT8TOJO,3
6E92ZMYYFZ,5
66VCHSJNUP,2
1YMWWN1N4O,1
0PUK6V6EV0,2
6E92ZMYYFZ,2
LS4PSXUNUM,10
0PUK6V6EV0,5
OLJCESPC7Z,2
6E92ZMYYFZ,3
L9ECAV7KIM,4
0PUK6V6EV0,5
2ZYFJ3GM2N,2
9SIQT8TOJO,2
9SIQT8TOJO,1
L9ECAV7KIM,1
66VCHSJNUP,3
2ZYFJ3GM2N,1
6E92ZMYYFZ,2
2ZYFJ3GM2N,3
66VCHSJNUP,1
2ZYFJ3GM2N,1
LS4PSXUNUM,4
66VCHSJNUP,2
1YMWWN1N4O,3
1YMWWN1N4O,3
L9ECAV7KIM,4
9SIQT8TOJO,10
OLJCESPC7Z,4
OLJCESPC7Z,2
OLJCESPC7Z,5
OLJCESPC7Z,2
0PUK6V6EV0,2
1YMWWN1N4O,1
6E92ZMYYFZ,5
66VCHSJNUP,1
6E92ZMYYFZ,5
9SIQT8TOJO,10
LS4PSXUNUM,10
6E92ZMYYFZ,5
OLJCESPC7Z,1
66VCHSJNUP,1
2ZYFJ3GM2N,2
66VCHSJNUP,4
9SIQT8TOJO,4
1YMWWN1N4O,3
6E92ZMYYFZ,10
66VCHSJNUP,1
1YMWWN1N4O,3
2ZYFJ3GM2N,5
0PUK6V6EV0,4
1YMWWN1N4O,1
6E92ZMYYFZ,1
6E92ZMYYFZ,10
LS4PSXUNUM,4
0PUK6V6EV0,5
OLJCESPC7Z,2
66VCHSJNUP,5
66VCHSJNUP,10
LS4PSXUNUM,2
9SIQT8TOJO,1
OLJCESPC7Z,4
1YMWWN1N4O,2
L9ECAV7KIM,5
2ZYFJ3GM2N,1
0PUK6V6EV0,4
9SIQT8TOJO,1
OLJCESPC7Z,2
2ZYFJ3GM2N,2
66VCHSJNUP,3
1YMWWN1N4O,5
9SIQT8TOJO,3
9SIQT8TOJO,2
L9ECAV7KIM,1
LS4PSXUNUM,4
6E92ZMYYFZ,2
6E92ZMYYFZ,10
1YMWWN1N4O,2
2ZYFJ3GM2N,5
2ZYFJ3GM2N,2
6E92ZMYYFZ,5
1YMWWN1N4O,3
1YMWWN1N4O,4
L9ECAV7KIM,5
0PUK6V6EV0,4
9SIQT8TOJO,10
2ZYFJ3GM2N,10
OLJCESPC7Z,2
L9ECAV7KIM,2
66VCHSJNUP,1
1YMWWN1N4O,1
LS4PSXUNUM,5
LS4PSXUNUM,1
L9ECAV7KIM,10
9SIQT8TOJO,2
2ZYFJ3GM2N,1
0PUK6V6EV0,3
0PUK6V6EV0,10
OLJCESPC7Z,10
2ZYFJ3GM2N,5
6E92ZMYYFZ,1
0PUK6V6EV0,1
L9ECAV7KIM,3
66VCHSJNUP,3
1YMWWN1N4O,5
2ZYFJ3GM2N,4
0PUK6V6EV0,3
1YMWWN1N4O,1
2ZYFJ3GM2N,5
L9ECAV7KIM,2
1YMWWN1N4O,1
LS4PSXUNUM,5
6E92ZMYYFZ,4
1YMWWN1N4O,3
2ZYFJ3GM2N,3
LS4PSXUNUM,3
6E92ZMYYFZ,3
L9ECAV7KIM,2
66VCHSJNUP,3
0PUK6V6EV0,4
1YMWWN1N4O,3
66VCHSJNUP,2
6E92ZMYYFZ,4
0PUK6V6EV0,1
L9ECAV7KIM,3
2ZYFJ3GM2N,1
LS4PSXUNUM,10
L9ECAV7KIM,4
9SIQT8TOJO,1
66VCHSJNUP,3
2ZYFJ3GM2N,1
L9ECAV7KIM,1
OLJCESPC7Z,5
2ZYFJ3GM2N,5
LS4PSXUNUM,4
OLJCESPC7Z,5
L9ECAV7KIM,2
6E92ZMYYFZ,4
66VCHSJNUP,2
OLJCESPC7Z,2
1YMWWN1N4O,10
9SIQT8TOJO,1
LS4PSXUNUM,10
2ZYFJ3GM2N,2
OLJCESPC7Z,5
0PUK6V6EV0,5
2ZYFJ3GM2N,4
2ZYFJ3GM2N,2
LS4PSXUNUM,10
9SIQT8TOJO,3
6E92ZMYYFZ,2
L9ECAV7KIM,5
66VCHSJNUP,5
L9ECAV7KIM,5
6E92ZMYYFZ,10
0PUK6V6EV0,2
6E92ZMYYFZ,10
0PUK6V6EV0,10
9SIQT8TOJO,5
L9ECAV7KIM,1
0PUK6V6EV0,2
9SIQT8TOJO,3
66VCHSJNUP,2
6E92ZMYYFZ,2
66VCHSJNUP,10
1YMWWN1N4O,1
L9ECAV7KIM,1
L9ECAV7KIM,4
OLJCESPC7Z,3
OLJCESPC7Z,10
9SIQT8TOJO,3
0PUK6V6EV0,2
0PUK6V6EV0,4
OLJCESPC7Z,3
L9ECAV7KIM,10
L9ECAV7KIM,5
0PUK6V6EV0,4
0PUK6V6EV0,10
0PUK6V6EV0,2
LS4PSXUNUM,2
9SIQT8TOJO,5
1YMWWN1N4O,1
66VCHSJNUP,5
LS4PSXUNUM,5
2ZYFJ3GM2N,2
66VCHSJNUP,5
1YMWWN1N4O,5
6E92ZMYYFZ,2
66VCHSJNUP,2
OLJCESPC7Z,2
9SIQT8TOJO,3
2ZYFJ3GM2N,5
0PUK6V6EV0,3
OLJCESPC7Z,5
6E92ZMYYFZ,5
1YMWWN1N4O,5
L9ECAV7KIM,4
2ZYFJ3GM2N,4
LS4PSXUNUM,4
OLJCESPC7Z,3
0PUK6V6EV0,4
1YMWWN1N4O,5
66VCHSJNUP,1
6E92ZMYYFZ,10
66VCHSJNUP,4
9SIQT8TOJO,4
0PUK6V6EV0,1
66VCHSJNUP,3
66VCHSJNUP,5
2ZYFJ3GM2N,2
66VCHSJNUP,1
OLJCESPC7Z,1
L9ECAV7KIM,1
9SIQT8TOJO,4
OLJCESPC7Z,5
9SIQT8TOJO,5
1YMWWN1N4O,4
1YMWWN1N4O,10
0PUK6V6EV0,5
LS4PSXUNUM,3
6E92ZMYYFZ,4
0PUK6V6EV0,3
L9ECAV7KIM,10
9SIQT8TOJO,5
0PUK6V6EV0,10
66VCHSJNUP,4
1YMWWN1N4O,5
6E92ZMYYFZ,1
66VCHSJNUP,1
66VCHSJNUP,4
OLJCESPC7Z,3
OLJCESPC7Z,3
2ZYFJ3GM2N,5
L9ECAV7KIM,2
6E92ZMYYFZ,4
LS4PSXUNUM,2
LS4PSXUNUM,1
9SIQT8TOJO,1
66VCHSJNUP,2
6E92ZMYYFZ,1
66VCHSJNUP,3
0PUK6V6EV0,10
L9ECAV7KIM,10
L9ECAV7KIM,5
2ZYFJ3GM2N,10
LS4PSXUNUM,2
66VCHSJNUP,3
1YMWWN1N4O,5
66VCHSJNUP,4
2ZYFJ3GM2N,4
L9ECAV7KIM,5
0PUK6V6EV0,10
66VCHSJNUP,4
6E92ZMYYFZ,3
OLJCESPC7Z,10
L9ECAV7KIM,1
2ZYFJ3GM2N,10
LS4PSXUNUM,5
9SIQT8TOJO,3
L9ECAV7KIM,3
1YMWWN1N4O,10
L9ECAV7KIM,10
0PUK6V6EV0,10
9SIQT8TOJO,1
L9ECAV7KIM,3
LS4PSXUNUM,5
9SIQT8TOJO,10
1YMWWN1N4O,1
0PUK6V6EV0,10
0PUK6V6EV0,10
1YMWWN1N4O,5
OLJCESPC7Z,3
OLJCESPC7Z,4
LS4PSXUNUM,1
1YMWWN1N4O,2
6E92ZMYYFZ,1
L9ECAV7KIM,3
1YMWWN1N4O,3
66VCHSJNUP,1
6E92ZMYYFZ,5
LS4PSXUNUM,1
66VCHSJNUP,3
66VCHSJNUP,3
OLJCESPC7Z,2
9SIQT8TOJO,10
L9ECAV7KIM,10
2ZYFJ3GM2N,1
LS4PSXUNUM,2
2ZYFJ3GM2N,5
66VCHSJNUP,1
9SIQT8TOJO,3
OLJCESPC7Z,1
L9ECAV7KIM,2
0PUK6V6EV0,4
66VCHSJNUP,1
66VCHSJNUP,10
OLJCESPC7Z,2
1YMWWN1N4O,2
1YMWWN1N4O,5
0PUK6V6EV0,10
L9ECAV7KIM,10
1YMWWN1N4O,2
OLJCESPC7Z,5
2ZYFJ3GM2N,4
0PUK6V6EV0,3
1YMWWN1N4O,4
0PUK6V6EV0,10
0PUK6V6EV0,3
0PUK6V6EV0,10
6E92ZMYYFZ,10
L9ECAV7KIM,3
2ZYFJ3GM2N,4
66VCHSJNUP,1
6E92ZMYYFZ,5
OLJCESPC7Z,10
9SIQT8TOJO,5
OLJCESPC7Z,2
1YMWWN1N4O,1
0PUK6V6EV0,10
0PUK6V6EV0,4
1YMWWN1N4O,10
LS4PSXUNUM,2
L9ECAV7KIM,1
L9ECAV7KIM,5
66VCHSJNUP,4
0PUK6V6EV0,5
1YMWWN1N4O,4
1YMWWN1N4O,10
L9ECAV7KIM,3
66VCHSJNUP,4
OLJCESPC7Z,10
LS4PSXUNUM,10
L9ECAV7KIM,4
OLJCESPC7Z,3
9SIQT8TOJO,10
1YMWWN1N4O,2
L9ECAV7KIM,5
1YMWWN1N4O,3
66VCHSJNUP,2
9SIQT8TOJO,10
L9ECAV7KIM,1
OLJCESPC7Z,5
2ZYFJ3GM2N,4
6E92ZMYYFZ,3
OLJCESPC7Z,5
66VCHSJNUP,1
6E92ZMYYFZ,5
0PUK6V6EV0,3
L9ECAV7KIM,10
OLJCESPC7Z,3
66VCHSJNUP,10
6E92ZMYYFZ,1
1YMWWN1N4O,4
L9ECAV7KIM,10
LS4PSXUNUM,1
LS4PSXUNUM,10
66VCHSJNUP,4
9SIQT8TOJO,5
2ZYFJ3GM2N,5
0PUK6V6EV0,4
OLJCESPC7Z,1
0PUK6V6EV0,10
1YMWWN1N4O,10
66VCHSJNUP,10
L9ECAV7KIM,4
L9ECAV7KIM,2
9SIQT8TOJO,10
1YMWWN1N4O,10
66VCHSJNUP,5
OLJCESPC7Z,5
2ZYFJ3GM2N,10
1YMWWN1N4O,1
2ZYFJ3GM2N,2
9SIQT8TOJO,4
LS4PSXUNUM,3
1YMWWN1N4O,10
1YMWWN1N4O,5
2ZYFJ3GM2N,5
OLJCESPC7Z,10
OLJCESPC7Z,5
6E92ZMYYFZ,2
LS4PSXUNUM,3
L9ECAV7KIM,4
66VCHSJNUP,1
L9ECAV7KIM,5
66VCHSJNUP,2
66VCHSJNUP,2
OLJCESPC7Z,4
L9ECAV7KIM,3
0PUK6V6EV0,10
9SIQT8TOJO,10
6E92ZMYYFZ,3
1YMWWN1N4O,10
66VCHSJNUP,10
L9ECAV7KIM,5
9SIQT8TOJO,4
0PUK6V6EV0,4
9SIQT8TOJO,5
0PUK6V6EV0,4
0PUK6V6EV0,2
0PUK6V6EV0,5
6E92ZMYYFZ,5
LS4PSXUNUM,10
1YMWWN1N4O,2
9SIQT8TOJO,10
LS4PSXUNUM,4
OLJCESPC7Z,4
1YMWWN1N4O,4
1YMWWN1N4O,10
1YMWWN1N4O,2
L9ECAV7KIM,1
6E92ZMYYFZ,2
2ZYFJ3GM2N,3
9SIQT8TOJO,2
1YMWWN1N4O,2
1YMWWN1N4O,4
L9ECAV7KIM,3
66VCHSJNUP,5
6E92ZMYYFZ,1
6E92ZMYYFZ,1
9SIQT8TOJO,2
L9ECAV7KIM,4
1YMWWN1N4O,3
66VCHSJNUP,4
2ZYFJ3GM2N,4
6E92ZMYYFZ,3
LS4PSXUNUM,5
9SIQT8TOJO,4
66VCHSJNUP,5
L9ECAV7KIM,2
LS4PSXUNUM,3
6E92ZMYYFZ,3
66VCHSJNUP,2
L9ECAV7KIM,4
6E92ZMYYFZ,1
LS4PSXUNUM,3
6E92ZMYYFZ,10
2ZYFJ3GM2N,5
6E92ZMYYFZ,4
1YMWWN1N4O,3
2ZYFJ3GM2N,1
0PUK6V6EV0,3
LS4PSXUNUM,1
0PUK6V6EV0,10
6E92ZMYYFZ,2
0PUK6V6EV0,10
1YMWWN1N4O,2
2ZYFJ3GM2N,3
OLJCESPC7Z,3
1YMWWN1N4O,5
66VCHSJNUP,1
0PUK6V6EV0,5
9SIQT8TOJO,5
1YMWWN1N4O,3
OLJCESPC7Z,4
9SIQT8TOJO,1
OLJCESPC7Z,2
OLJCESPC7Z,1
2ZYFJ3GM2N,4
LS4PSXUNUM,3
6E92ZMYYFZ,5
6E92ZMYYFZ,4
0PUK6V6EV0,1
OLJCESPC7Z,3
0PUK6V6EV0,2
1YMWWN1N4O,10
L9ECAV7KIM,3
L9ECAV7KIM,1
LS4PSXUNUM,2
66VCHSJNUP,1
6E92ZMYYFZ,4
L9ECAV7KIM,1
2ZYFJ3GM2N,4
1YMWWN1N4O,5
66VCHSJNUP,4
LS4PSXUNUM,1
2ZYFJ3GM2N,5
66VCHSJNUP,5
L9ECAV7KIM,1
OLJCESPC7Z,1
2ZYFJ3GM2N,4
9SIQT8TOJO,3
OLJCESPC7Z,3
OLJCESPC7Z,10
2ZYFJ3GM2N,2
LS4PSXUNUM,1
2ZYFJ3GM2N,1
OLJCESPC7Z,5
6E92ZMYYFZ,5
6E92ZMYYFZ,1
OLJCESPC7Z,3
66VCHSJNUP,3
9SIQT8TOJO,1
6E92ZMYYFZ,1
LS4PSXUNUM,3
LS4PSXUNUM,4
2ZYFJ3GM2N,4
L9ECAV7KIM,4
6E92ZMYYFZ,10
L9ECAV7KIM,3
66VCHSJNUP,1
66VCHSJNUP,4
0PUK6V6EV0,4
LS4PSXUNUM,1
OLJCESPC7Z,10
9SIQT8TOJO,2
OLJCESPC7Z,5
66VCHSJNUP,3
66VCHSJNUP,1
2ZYFJ3GM2N,10
1YMWWN1N4O,3
LS4PSXUNUM,10
2ZYFJ3GM2N,2
0PUK6V6EV0,1
2ZYFJ3GM2N,1
9SIQT8TOJO,3
1YMWWN1N4O,5
66VCHSJNUP,4
2ZYFJ3GM2N,3
OLJCESPC7Z,3
66VCHSJNUP,2
0PUK6V6EV0,4
66VCHSJNUP,10
0PUK6V6EV0,3
1YMWWN1N4O,10
9SIQT8TOJO,3
66VCHSJNUP,5
L9ECAV7KIM,4
6E92ZMYYFZ,3
L9ECAV7KIM,10
6E92ZMYYFZ,3
9SIQT8TOJO,4
OLJCESPC7Z,5
OLJCESPC7Z,4
9SIQT8TOJO,5
LS4PSXUNUM,5
66VCHSJNUP,1
L9ECAV7KIM,10
0PUK6V6EV0,4
1YMWWN1N4O,4
6E92ZMYYFZ,10
2ZYFJ3GM2N,4
1YMWWN1N4O,5
2ZYFJ3GM2N,1
9SIQT8TOJO,2
66VCHSJNUP,3
9SIQT8TOJO,1
9SIQT8TOJO,2
L9ECAV7KIM,3
L9ECAV7KIM,10
LS4PSXUNUM,1
LS4PSXUNUM,3
L9ECAV7KIM,2
L9ECAV7KIM,4
0PUK6V6EV0,2
LS4PSXUNUM,10
66VCHSJNUP,3
2ZYFJ3GM2N,5
0PUK6V6EV0,10
0PUK6V6EV0,4
6E92ZMYYFZ,4
1YMWWN1N4O,4
9SIQT8TOJO,10
L9ECAV7KIM,10
2ZYFJ3GM2N,3
6E92ZMYYFZ,10
9SIQT8TOJO,5
LS4PSXUNUM,4
9SIQT8TOJO,1
6E92ZMYYFZ,5
OLJCESPC7Z,1
1YMWWN1N4O,10
6E92ZMYYFZ,10
L9ECAV7KIM,1
L9ECAV7KIM,1
6E92ZMYYFZ,3
2ZYFJ3GM2N,1
66VCHSJNUP,4
OLJCESPC7Z,3
OLJCESPC7Z,4
LS4PSXUNUM,3
2ZYFJ3GM2N,10
OLJCESPC7Z,1
1YMWWN1N4O,4
9SIQT8TOJO,1
0PUK6V6EV0,10
6E92ZMYYFZ,2
OLJCESPC7Z,2
0PUK6V6EV0,3
6E92ZMYYFZ,10
L9ECAV7KIM,10
6E92ZMYYFZ,10
OLJCESPC7Z,4
9SIQT8TOJO,10
2ZYFJ3GM2N,3
0PUK6V6EV0,3
66VCHSJNUP,2
2ZYFJ3GM2N,10
0PUK6V6EV0,10
2ZYFJ3GM2N,5
66VCHSJNUP,4
6E92ZMYYFZ,4
6E92ZMYYFZ,2
66VCHSJNUP,1
0PUK6V6EV0,2
9SIQT8TOJO,5
0PUK6V6EV0,5
L9ECAV7KIM,2
1YMWWN1N4O,1
2ZYFJ3GM2N,2
9SIQT8TOJO,1
L9ECAV7KIM,3
L9ECAV7KIM,5
LS4PSXUNUM,3
2ZYFJ3GM2N,1
9SIQT8TOJO,4
0PUK6V6EV0,10
66VCHSJNUP,10
2ZYFJ3GM2N,10
LS4PSXUNUM,4
LS4PSXUNUM,3
L9ECAV7KIM,1
OLJCESPC7Z,4
9SIQT8TOJO,3
1YMWWN1N4O,2
9SIQT8TOJO,4
66VCHSJNUP,3
L9ECAV7KIM,4
1YMWWN1N4O,2
2ZYFJ3GM2N,5
9SIQT8TOJO,5
66VCHSJNUP,10
9SIQT8TOJO,3
1YMWWN1N4O,10
1YMWWN1N4O,2
66VCHSJNUP,2
L9ECAV7KIM,4
2ZYFJ3GM2N,1
0PUK6V6EV0,3
0PUK6V6EV0,1
LS4PSXUNUM,3
L9ECAV7KIM,2
0PUK6V6EV0,5
LS4PSXUNUM,2
2ZYFJ3GM2N,1
66VCHSJNUP,2
2ZYFJ3GM2N,10
L9ECAV7KIM,4
0PUK6V6EV0,1
LS4PSXUNUM,10
L9ECAV7KIM,1
OLJCESPC7Z,3
1YMWWN1N4O,5
66VCHSJNUP,1
OLJCESPC7Z,3
LS4PSXUNUM,2
OLJCESPC7Z,5
2ZYFJ3GM2N,5
0PUK6V6EV0,3
66VCHSJNUP,1
LS4PSXUNUM,3
L9ECAV7KIM,5
9SIQT8TOJO,1
2ZYFJ3GM2N,3
1YMWWN1N4O,1
L9ECAV7KIM,10
2ZYFJ3GM2N,4
LS4PSXUNUM,3
66VCHSJNUP,5
0PUK6V6EV0,1
0PUK6V6EV0,2
OLJCESPC7Z,4
1YMWWN1N4O,4
LS4PSXUNUM,3
1YMWWN1N4O,1
0PUK6V6EV0,1
2ZYFJ3GM2N,3
66VCHSJNUP,4
1YMWWN1N4O,5
OLJCESPC7Z,10
0PUK6V6EV0,5
LS4PSXUNUM,3
0PUK6V6EV0,2
LS4PSXUNUM,2
1YMWWN1N4O,2
6E92ZMYYFZ,1
LS4PSXUNUM,5
OLJCESPC7Z,10
66VCHSJNUP,1
LS4PSXUNUM,2
2ZYFJ3GM2N,5
2ZYFJ3GM2N,10
OLJCESPC7Z,5
OLJCESPC7Z,5
L9ECAV7KIM,2
0PUK6V6EV0,3
2ZYFJ3GM2N,3
1YMWWN1N4O,3
1YMWWN1N4O,2
OLJCESPC7Z,3
L9ECAV7KIM,10
LS4PSXUNUM,3
LS4PSXUNUM,4
L9ECAV7KIM,1
9SIQT8TOJO,2
OLJCESPC7Z,2
OLJCESPC7Z,2
L9ECAV7KIM,2
1YMWWN1N4O,5
2ZYFJ3GM2N,3
L9ECAV7KIM,3
OLJCESPC7Z,10
2ZYFJ3GM2N,2
66VCHSJNUP,3
LS4PSXUNUM,2
6E92ZMYYFZ,5
L9ECAV7KIM,3
L9ECAV7KIM,2
L9ECAV7KIM,3
0PUK6V6EV0,1
0PUK6V6EV0,4
0PUK6V6EV0,5
LS4PSXUNUM,4
1YMWWN1N4O,3
1YMWWN1N4O,1
LS4PSXUNUM,4
66VCHSJNUP,3
2ZYFJ3GM2N,3
66VCHSJNUP,10
OLJCESPC7Z,4
1YMWWN1N4O,1
66VCHSJNUP,5
1YMWWN1N4O,1
L9ECAV7KIM,1
2ZYFJ3GM2N,10
1YMWWN1N4O,2
OLJCESPC7Z,5
1YMWWN1N4O,4
OLJCESPC7Z,5
LS4PSXUNUM,1
LS4PSXUNUM,3
LS4PSXUNUM,10
6E92ZMYYFZ,1
LS4PSXUNUM,1
6E92ZMYYFZ,2
OLJCESPC7Z,1
OLJCESPC7Z,2
0PUK6V6EV0,4
2ZYFJ3GM2N,2
L9ECAV7KIM,4
1YMWWN1N4O,2
2ZYFJ3GM2N,5
1YMWWN1N4O,1
LS4PSXUNUM,4
66VCHSJNUP,3
6E92ZMYYFZ,10
OLJCESPC7Z,10
66VCHSJNUP,1
0PUK6V6EV0,1
66VCHSJNUP,10
2ZYFJ3GM2N,1
LS4PSXUNUM,5
LS4PSXUNUM,4
6E92ZMYYFZ,3
OLJCESPC7Z,1
LS4PSXUNUM,10
1YMWWN1N4O,2
LS4PSXUNUM,1
9SIQT8TOJO,4
6E92ZMYYFZ,4
66VCHSJNUP,3
6E92ZMYYFZ,2
OLJCESPC7Z,10
L9ECAV7KIM,2
LS4PSXUNUM,5
6E92ZMYYFZ,1
LS4PSXUNUM,3
9SIQT8TOJO,5
66VCHSJNUP,3
LS4PSXUNUM,1
2ZYFJ3GM2N,4
OLJCESPC7Z,4
66VCHSJNUP,1
LS4PSXUNUM,5
9SIQT8TOJO,1
OLJCESPC7Z,1
1YMWWN1N4O,10
6E92ZMYYFZ,3
6E92ZMYYFZ,10
L9ECAV7KIM,10
L9ECAV7KIM,1
OLJCESPC7Z,3
1YMWWN1N4O,1
0PUK6V6EV0,4
66VCHSJNUP,10
OLJCESPC7Z,3
66VCHSJNUP,1
L9ECAV7KIM,4
6E92ZMYYFZ,3
9SIQT8TOJO,5
0PUK6V6EV0,4
9SIQT8TOJO,5
LS4PSXUNUM,2
66VCHSJNUP,2
6E92ZMYYFZ,2
L9ECAV7KIM,2
66VCHSJNUP,1
0PUK6V6EV0,4
0PUK6V6EV0,4
6E92ZMYYFZ,5
1YMWWN1N4O,4
L9ECAV7KIM,3
9SIQT8TOJO,3
L9ECAV7KIM,3
9SIQT8TOJO,10
LS4PSXUNUM,3
LS4PSXUNUM,5
66VCHSJNUP,1
6E92ZMYYFZ,2
9SIQT8TOJO,2
0PUK6V6EV0,10
LS4PSXUNUM,10
2ZYFJ3GM2N,2
OLJCESPC7Z,5
6E92ZMYYFZ,2
OLJCESPC7Z,10
66VCHSJNUP,1
L9ECAV7KIM,5
2ZYFJ3GM2N,3
OLJCESPC7Z,1
